<?xml version="1.0" encoding="UTF-8" standalone="yes"?>
<agreement>
    <version>2.0</version>
    <docInfo>
        <templateNumber>8e7f9cff-ac5f-4457-99f8-eff9ec3fd706</templateNumber>
        <creationDate>2026-02-03</creationDate>
        <templateName>Согласие на обработку ПДн</templateName>
        <custody>false</custody>
    </docInfo>
    <signingObject>
        <nameExecutor>ООО Медскан</nameExecutor>
        <regAdrExecutor>119421, г Москва, ул Обручева, д 21А</regAdrExecutor>
        <thirdParties xsi:nil="true" xmlns:xsi="http://www.w3.org/2001/XMLSchema-instance"/>
    </signingObject>
    <signerInfo>
        <signerLastName>Богатов</signerLastName>
        <signerFirstName>Артем</signerFirstName>
        <signerMiddleName>Дмитриевич</signerMiddleName>
        <signerGender>M</signerGender>
        <signerTypeDul xsi:nil="true" xmlns:xsi="http://www.w3.org/2001/XMLSchema-instance"/>
        <signerNumber>550649</signerNumber>
        <signerSeries>4518</signerSeries>
        <signerIssued>гу МВД России по г.Москве</signerIssued>
        <signerDate>12.03.2018</signerDate>
        <signerCodeDepart xsi:nil="true" xmlns:xsi="http://www.w3.org/2001/XMLSchema-instance"/>
        <signerPLV xsi:nil="true" xmlns:xsi="http://www.w3.org/2001/XMLSchema-instance"/>
    </signerInfo>
</agreement>
